{
  "hn-47255662": 1772733453.3049095,
  "hn-47193064": 1772733453.3049095,
  "hn-40309342": 1772733453.3049095,
  "hn-47256781": 1772733453.3049095,
  "hn-42817438": 1772733453.3049095,
  "hn-44962881": 1772733453.3049095,
  "hn-47170174": 1772733453.3049095,
  "hn-45526589": 1772733453.3049095,
  "hn-47232903": 1772733453.3049095,
  "hn-47148025": 1772733453.3049095,
  "hn-47236218": 1772733453.3049095,
  "hn-45301898": 1772733453.3049095,
  "hn-47256452": 1772733453.3049095,
  "hn-47236910": 1772733453.3049095,
  "hn-47263595": 1772733453.3049095,
  "hn-47248385": 1772733453.3049095,
  "hn-47231734": 1772733453.3049095,
  "hn-47240612": 1772733453.3049095,
  "hn-47248134": 1772733453.3049095,
  "hn-47239678": 1772733453.3049095,
  "hn-47238255": 1772733453.3049095,
  "hn-47256208": 1772733453.3049095,
  "hn-47242086": 1772733453.3049095,
  "hn-47242190": 1772733453.3049095,
  "hn-47238560": 1772733453.3049095,
  "hn-47231638": 1772733453.3049095,
  "hn-47142975": 1772733453.3049095,
  "hn-47247881": 1772733453.3049095,
  "hn-47244173": 1772733453.3049095,
  "hn-47240363": 1772733453.3049095,
  "reddit-t3_1pygdbz": 1772733453.3049095,
  "reddit-t3_1rekpfv": 1772733453.3049095,
  "reddit-t3_1rldgmj": 1772733453.3049095,
  "reddit-t3_1rlkbu9": 1772733453.3049095,
  "reddit-t3_1rlc71n": 1772733453.3049095,
  "reddit-t3_1rllmzu": 1772733453.3049095,
  "reddit-t3_1rlnfqv": 1772733453.3049095,
  "reddit-t3_1rl82s3": 1772733453.3049095,
  "reddit-t3_1rl6bmk": 1772733453.3049095,
  "reddit-t3_1rknoex": 1772733453.3049095,
  "reddit-t3_1rlkatj": 1772733453.3049095,
  "reddit-t3_1rkw25u": 1772733453.3049095,
  "reddit-t3_1rkml4f": 1772733453.3049095,
  "reddit-t3_1rkucr3": 1772733453.3049095,
  "reddit-t3_1rlep25": 1772733453.3049095,
  "reddit-t3_1rihows": 1772733453.3049095,
  "reddit-t3_1qrrayn": 1772733453.3049095,
  "reddit-t3_1rlnwsk": 1772733453.3049095,
  "reddit-t3_1rl9j3s": 1772733453.3049095,
  "reddit-t3_1rljyvz": 1772733453.3049095,
  "reddit-t3_1rl9k3r": 1772733453.3049095,
  "reddit-t3_1rle02j": 1772733453.3049095,
  "reddit-t3_1rlo7ss": 1772733453.3049095,
  "reddit-t3_1rldp59": 1772733453.3049095,
  "reddit-t3_1rlfhqw": 1772733453.3049095,
  "reddit-t3_1rkxbx8": 1772733453.3049095,
  "reddit-t3_1rkgn8y": 1772733453.3049095,
  "reddit-t3_1rkln6n": 1772733453.3049095,
  "reddit-t3_1rl5pxu": 1772733453.3049095,
  "reddit-t3_1rk1mgi": 1772733453.3049095,
  "gnews-5131938927776860416": 1772733453.3049095,
  "gnews--3995707086162059826": 1772733453.3049095,
  "gnews-6902705959667208802": 1772733453.3049095,
  "gnews-5256417037446017758": 1772733453.3049095,
  "gnews-1574083999653484912": 1772733453.3049095,
  "gnews--9195772115059423582": 1772733453.3049095,
  "gnews-3500845150323020652": 1772733453.3049095,
  "gnews-4290749650956491474": 1772733453.3049095,
  "gnews-7775300220145220312": 1772733453.3049095,
  "gnews--4825189659352013": 1772733453.3049095,
  "gnews-3531266328102197403": 1772733453.3049095,
  "gnews-1034276550232045933": 1772733453.3049095,
  "gnews-5563330839747710878": 1772733453.3049095,
  "gnews--8323684335793308294": 1772733453.3049095,
  "gnews--572797808570614723": 1772733453.3049095,
  "gnews-3204284231841945648": 1772733453.3049095,
  "gnews--5744127340844509633": 1772733453.3049095,
  "gnews-1724619675724927282": 1772733453.3049095,
  "gnews-7320264488044539519": 1772733453.3049095,
  "gnews--535430532673041525": 1772733453.3049095,
  "gnews-1503994360546929752": 1772733453.3049095,
  "gnews--729508236505743087": 1772733453.3049095,
  "gnews-811021876318569670": 1772733453.3049095,
  "gnews--2341716655296043020": 1772733453.3049095,
  "gnews-5080955747458209549": 1772733453.3049095,
  "gnews-3228013309607077880": 1772733453.3049095,
  "gnews--9213654759109910726": 1772733453.3049095,
  "gnews-5363380091107483860": 1772733453.3049095,
  "gnews--7607912343961768603": 1772733453.3049095,
  "gnews-1556792875702821440": 1772733453.3049095,
  "gh-anthropics/claude-code-v2.1.69": 1772733453.3049095,
  "gh-anthropics/claude-code-v2.1.68": 1772733453.3049095,
  "gh-anthropics/claude-code-v2.1.66": 1772733453.3049095,
  "gh-anthropics/anthropic-sdk-python-v0.84.0": 1772733453.3049095,
  "gh-anthropics/anthropic-sdk-python-v0.83.0": 1772733453.3049095,
  "gh-anthropics/anthropic-sdk-python-v0.82.0": 1772733453.3049095,
  "gh-modelcontextprotocol/servers-2026.1.26": 1772733453.3049095,
  "gh-modelcontextprotocol/servers-2026.1.14": 1772733453.3049095,
  "gh-modelcontextprotocol/servers-2025.12.18": 1772733453.3049095,
  "gh-langchain-ai/langchain-langchain-openrouter==0.1.0": 1772733453.3049095,
  "gh-langchain-ai/langchain-langchain-huggingface==1.2.1": 1772733453.3049095,
  "gh-langchain-ai/langchain-langchain-core==1.2.17": 1772733453.3049095,
  "gh-run-llama/llama_index-v0.14.15": 1772733453.3049095,
  "gh-run-llama/llama_index-v0.14.14": 1772733453.3049095,
  "gh-run-llama/llama_index-v0.14.13": 1772733453.3049095,
  "gh-trending-cnoe-io/ai-platform-engineering": 1772733453.3049095,
  "gh-trending-strands-agents/docs": 1772733453.3049095,
  "gh-trending-googleworkspace/cli": 1772733453.3049095,
  "gh-trending-websitebutlers/codefire-app": 1772733453.3049095,
  "gh-trending-proffesor-for-testing/agentic-qe": 1772733453.3049095,
  "gh-trending-llama-farm/llamafarm": 1772733453.3049095,
  "gh-trending-SuYxh/ai-news-aggregator": 1772733453.3049095,
  "gh-trending-openlegion-ai/openlegion": 1772733453.3049095,
  "gh-trending-AgentlyHQ/use-agently": 1772733453.3049095,
  "gh-trending-Community-Access/accessibility-agents": 1772733453.3049095,
  "devto-3308729": 1772733453.3049095,
  "devto-3311270": 1772733453.3049095,
  "devto-3310389": 1772733453.3049095,
  "devto-3310164": 1772733453.3049095,
  "devto-3304580": 1772733453.3049095,
  "devto-3312332": 1772733453.3049095,
  "devto-3309572": 1772733453.3049095,
  "devto-3311837": 1772733453.3049095,
  "devto-3310278": 1772733453.3049095,
  "devto-3309418": 1772733453.3049095,
  "devto-3273402": 1772733453.3049095,
  "devto-3310294": 1772733453.3049095,
  "devto-3309661": 1772733453.3049095,
  "devto-3312234": 1772733453.3049095,
  "devto-3312230": 1772733453.3049095,
  "devto-3311458": 1772733453.3049095,
  "devto-3310861": 1772733453.3049095,
  "devto-3309605": 1772733453.3049095,
  "devto-3311342": 1772733453.3049095,
  "devto-3309579": 1772733453.3049095
}