{
  "hn-47193064": 1772734662.4716725,
  "hn-47148025": 1772734662.4716725,
  "hn-47248134": 1772734662.4716725,
  "hn-47242190": 1772734662.4716725,
  "reddit-t3_1rlkatj": 1772734662.4716725,
  "hn-47236910": 1772734662.4716725,
  "hn-47142975": 1772734662.4716725,
  "reddit-t3_1rl6bmk": 1772734662.4716725,
  "hn-47256781": 1772734662.4716725,
  "hn-42817438": 1772734662.4716725,
  "hn-47232903": 1772734662.4716725,
  "hn-47256452": 1772734662.4716725,
  "hn-47248385": 1772734662.4716725,
  "hn-47240363": 1772734662.4716725,
  "reddit-t3_1rl82s3": 1772734662.4716725,
  "reddit-t3_1rknoex": 1772734662.4716725,
  "reddit-t3_1rkw25u": 1772734662.4716725,
  "hn-47170174": 1772734662.4716725,
  "hn-47236218": 1772734662.4716725,
  "hn-47238255": 1772734662.4716725,
  "reddit-t3_1pygdbz": 1772734662.4716725,
  "reddit-t3_1rlly3t": 1772734662.4716725,
  "reddit-t3_1rl9j3s": 1772734662.4716725,
  "crypto-price-bitcoin": 1772734662.4716725,
  "crypto-price-ethereum": 1772734662.4716725,
  "crypto-price-solana": 1772734662.4716725,
  "crypto-price-dogecoin": 1772734662.4716725,
  "crypto-price-cardano": 1772734662.4716725,
  "crypto-fng-today": 1772734662.4716725,
  "crypto-news-5560920699369942746": 1772734662.4716725,
  "crypto-news--6060322997258541357": 1772734662.4716725,
  "crypto-news-3628921471101144935": 1772734662.4716725,
  "crypto-news-3406921745600563876": 1772734662.4716725,
  "crypto-news-8757413754856209705": 1772734662.4716725,
  "crypto-news--5720847400987161273": 1772734662.4716725,
  "crypto-news--3098603023129406726": 1772734662.4716725,
  "crypto-news--3035301426936954075": 1772734662.4716725,
  "crypto-news--7746543468415702509": 1772734662.4716725,
  "crypto-news-8298138615946061366": 1772734662.4716725,
  "crypto-news-6617147071991592286": 1772734662.4716725,
  "crypto-news--1874675146690161471": 1772734662.4716725,
  "crypto-news--250249718419768024": 1772734662.4716725,
  "crypto-news-9168070241868328721": 1772734662.4716725,
  "crypto-news--8514084245435815299": 1772734662.4716725,
  "crypto-news-1883619246886298476": 1772734662.4716725,
  "crypto-news-2083416381295794234": 1772734662.4716725,
  "crypto-news-516098334963615628": 1772734662.4716725,
  "crypto-news-7209348177570318707": 1772734662.4716725,
  "crypto-news-4679636568032949539": 1772734662.4716725,
  "gold-price-today": 1772734662.4716725,
  "goldquant--4736797605122283372": 1772734662.4716725,
  "goldquant-1593305996715927839": 1772734662.4716725,
  "goldquant-1311905509697268220": 1772734662.4716725,
  "goldquant--6129578880368053530": 1772734662.4716725,
  "goldquant--7198739815750209826": 1772734662.4716725,
  "goldquant-869306498872366959": 1772734662.4716725,
  "goldquant-1894923318719497982": 1772734662.4716725,
  "goldquant-5522667386178065719": 1772734662.4716725,
  "goldquant-5188400754652050856": 1772734662.4716725,
  "goldquant--7278771913188526779": 1772734662.4716725,
  "goldquant-4844495015273432214": 1772734662.4716725,
  "goldquant--646779473364306981": 1772734662.4716725,
  "goldquant-5445606171811660387": 1772734662.4716725,
  "goldquant-2458301284900963181": 1772734662.4716725,
  "goldquant--223412926541271748": 1772734662.4716725,
  "goldquant--9111035957378194936": 1772734662.4716725,
  "goldquant--1632527042266010103": 1772734662.4716725,
  "goldquant-6974104908419359177": 1772734662.4716725,
  "goldquant--6985178173051966927": 1772734662.4716725,
  "goldquant--4390207194824784016": 1772734662.4716725,
  "goldquant-reddit-t3_fqc3vo": 1772734662.4716725,
  "goldquant-reddit-t3_1rjmepx": 1772734662.4716725,
  "goldquant-reddit-t3_1rll8cm": 1772734662.4716725,
  "goldquant-reddit-t3_1rl9vye": 1772734662.4716725,
  "goldquant-reddit-t3_1rljo75": 1772734662.4716725,
  "goldquant-reddit-t3_1rilyw0": 1772734662.4716725,
  "goldquant-reddit-t3_1rlotg7": 1772734662.4716725,
  "goldquant-reddit-t3_1rl6vm3": 1772734662.4716725,
  "goldquant-reddit-t3_1rksiag": 1772734662.4716725,
  "goldquant-reddit-t3_1rla37g": 1772734662.4716725,
  "hn-47267649": 1772761373.673747,
  "hn-47266084": 1772761373.673747,
  "reddit-t3_1rls9rh": 1772761373.673747,
  "hn-47255662": 1772761373.673747,
  "hn-47242086": 1772761373.673747,
  "gnews--4147012326664914754": 1772761373.673747,
  "gnews-2207618865611342179": 1772761373.673747,
  "gnews--1236893991215944447": 1772761373.673747,
  "gnews-7968379825443115466": 1772761373.673747,
  "hn-47244173": 1772761373.673747,
  "reddit-t3_1rlx0eq": 1772761373.673747,
  "reddit-t3_1rlc71n": 1772761373.673747,
  "gnews--569399953219798362": 1772761373.673747,
  "gnews-7921559424688908329": 1772761373.673747,
  "gnews-9120725053427676914": 1772761373.673747,
  "gnews--3148031447651426201": 1772761373.673747,
  "gnews-1516837801133157552": 1772761373.673747,
  "reddit-t3_1rlp4nm": 1772761373.673747,
  "reddit-t3_1rlu0vf": 1772761373.673747,
  "gnews--4509742550253273836": 1772761373.673747,
  "gnews--5667112574030429144": 1772761373.673747,
  "gnews--4925529659210663345": 1772761373.673747,
  "gnews-8085074292543710314": 1772761373.673747,
  "crypto-news--2689867702233671234": 1772761373.673747,
  "crypto-news-7364163561636407447": 1772761373.673747,
  "crypto-news-1648262393901783713": 1772761373.673747,
  "crypto-news--1440928352744027246": 1772761373.673747,
  "crypto-news--4194473212190195290": 1772761373.673747,
  "crypto-news-5575872389869755137": 1772761373.673747,
  "crypto-news-7411833237492411315": 1772761373.673747,
  "crypto-news--1649951555367457536": 1772761373.673747,
  "crypto-news-2294684104994105145": 1772761373.673747,
  "crypto-news-6529128858514738826": 1772761373.673747,
  "crypto-news--6389043821179835107": 1772761373.673747,
  "crypto-news-7914882358224274511": 1772761373.673747,
  "crypto-news-2268024025360959027": 1772761373.673747,
  "crypto-news--8180488178587113076": 1772761373.673747,
  "crypto-news--397911175447741199": 1772761373.673747,
  "crypto-news--3269512404802927292": 1772761373.673747,
  "crypto-news-6120069572070642700": 1772761373.673747,
  "crypto-news-1632930174310877825": 1772761373.673747,
  "crypto-news-4488275532458367975": 1772761373.673747,
  "crypto-news--1619793939622807202": 1772761373.673747,
  "goldquant-7699473080712271317": 1772761373.673747,
  "goldquant-7831363878006442834": 1772761373.673747,
  "goldquant-5485264610995541050": 1772761373.673747,
  "goldquant-4803004578299968584": 1772761373.673747,
  "goldquant-2320922467648134656": 1772761373.673747,
  "goldquant-6712989183699018769": 1772761373.673747,
  "goldquant--1092897677980827630": 1772761373.673747,
  "goldquant-8784124908668675785": 1772761373.673747,
  "goldquant-2098791462041281048": 1772761373.673747,
  "goldquant-4037374280478466282": 1772761373.673747,
  "goldquant--1682059235119466003": 1772761373.673747,
  "goldquant--3370268105491002922": 1772761373.673747,
  "goldquant--7780215580612999738": 1772761373.673747,
  "goldquant--4302750981027369553": 1772761373.673747,
  "goldquant--593031186905747472": 1772761373.673747,
  "goldquant--9047718545087309295": 1772761373.673747,
  "goldquant-6456213981458761205": 1772761373.673747,
  "goldquant--8166478798545541283": 1772761373.673747,
  "goldquant--5248017458930642572": 1772761373.673747,
  "goldquant-6215045969805573317": 1772761373.673747,
  "goldquant-reddit-t3_1rko5o1": 1772761373.673747,
  "goldquant-reddit-t3_1rltzos": 1772761373.673747
}