{
  "hn-47255662": 1772732876.745347,
  "hn-47193064": 1772732876.745347,
  "hn-40309342": 1772732876.745347,
  "hn-47256781": 1772732876.745347,
  "hn-42817438": 1772732876.745347,
  "hn-44962881": 1772732876.745347,
  "hn-47170174": 1772732876.745347,
  "hn-45526589": 1772732876.745347,
  "hn-47232903": 1772732876.745347,
  "hn-47148025": 1772732876.745347,
  "hn-47236218": 1772732876.745347,
  "hn-45301898": 1772732876.745347,
  "hn-47256452": 1772732876.745347,
  "hn-47236910": 1772732876.745347,
  "hn-47248385": 1772732876.745347,
  "hn-47263595": 1772732876.745347,
  "hn-47231734": 1772732876.745347,
  "hn-47240612": 1772732876.745347,
  "hn-47248134": 1772732876.745347,
  "hn-47239678": 1772732876.745347,
  "hn-47238255": 1772732876.745347,
  "hn-47256208": 1772732876.745347,
  "hn-47242086": 1772732876.745347,
  "hn-47242190": 1772732876.745347,
  "hn-47238560": 1772732876.745347,
  "hn-47231638": 1772732876.745347,
  "hn-47142975": 1772732876.745347,
  "hn-47247881": 1772732876.745347,
  "hn-47244173": 1772732876.745347,
  "hn-47240363": 1772732876.745347,
  "reddit-t3_1pygdbz": 1772732876.745347,
  "reddit-t3_1rekpfv": 1772732876.745347,
  "reddit-t3_1rldgmj": 1772732876.745347,
  "reddit-t3_1rlkbu9": 1772732876.745347,
  "reddit-t3_1rlc71n": 1772732876.745347,
  "reddit-t3_1rllmzu": 1772732876.745347,
  "reddit-t3_1rl82s3": 1772732876.745347,
  "reddit-t3_1rl6bmk": 1772732876.745347,
  "reddit-t3_1rlnfqv": 1772732876.745347,
  "reddit-t3_1rknoex": 1772732876.745347,
  "reddit-t3_1rlkatj": 1772732876.745347,
  "reddit-t3_1rkw25u": 1772732876.745347,
  "reddit-t3_1rkml4f": 1772732876.745347,
  "reddit-t3_1rkucr3": 1772732876.745347,
  "reddit-t3_1rlep25": 1772732876.745347,
  "reddit-t3_1rihows": 1772732876.745347,
  "reddit-t3_1qrrayn": 1772732876.745347,
  "reddit-t3_1rlnwsk": 1772732876.745347,
  "reddit-t3_1rl9j3s": 1772732876.745347,
  "reddit-t3_1rljyvz": 1772732876.745347,
  "reddit-t3_1rl9k3r": 1772732876.745347,
  "reddit-t3_1rle02j": 1772732876.745347,
  "reddit-t3_1rlo7ss": 1772732876.745347,
  "reddit-t3_1rlfhqw": 1772732876.745347,
  "reddit-t3_1rldp59": 1772732876.745347,
  "reddit-t3_1rkxbx8": 1772732876.745347,
  "reddit-t3_1rkgn8y": 1772732876.745347,
  "reddit-t3_1rkln6n": 1772732876.745347,
  "reddit-t3_1rl5pxu": 1772732876.745347,
  "reddit-t3_1rk1mgi": 1772732876.745347,
  "gnews--4510177893736190673": 1772732876.745347,
  "gnews--4040730108057404049": 1772732876.745347,
  "gnews--1283891272492708302": 1772732876.745347,
  "gnews-8701920332395559145": 1772732876.745347,
  "gnews--5837593101158910878": 1772732876.745347,
  "gnews-4771321658021581131": 1772732876.745347,
  "gnews-7320836888693148910": 1772732876.745347,
  "gnews--3217931512477830065": 1772732876.745347,
  "gnews--3229431445892517576": 1772732876.745347,
  "gnews--5717478638631224492": 1772732876.745347,
  "gnews-595380833072091759": 1772732876.745347,
  "gnews-219334308930455590": 1772732876.745347,
  "gnews-7207970960731597320": 1772732876.745347,
  "gnews--1427673025493824039": 1772732876.745347,
  "gnews--7170678236979891": 1772732876.745347,
  "gnews-4060758400201281033": 1772732876.745347,
  "gnews-4713619902718452990": 1772732876.745347,
  "gnews--6943190560983169128": 1772732876.745347,
  "gnews--8647106556358135034": 1772732876.745347,
  "gnews-3948667208738514120": 1772732876.745347,
  "gnews-5066352754324359018": 1772732876.745347,
  "gnews--5938460202735811207": 1772732876.745347,
  "gnews--6013074197660387266": 1772732876.745347,
  "gnews--5805387540185450575": 1772732876.745347,
  "gnews-7171552956025985928": 1772732876.745347,
  "gnews--5042640813086395307": 1772732876.745347,
  "gnews--3590193811992685712": 1772732876.745347,
  "gnews-828888562081304048": 1772732876.745347,
  "gnews--6745033934001253672": 1772732876.745347,
  "gnews-4757339928787885362": 1772732876.745347,
  "gh-anthropics/claude-code-v2.1.69": 1772732876.745347,
  "gh-anthropics/claude-code-v2.1.68": 1772732876.745347,
  "gh-anthropics/claude-code-v2.1.66": 1772732876.745347,
  "gh-anthropics/anthropic-sdk-python-v0.84.0": 1772732876.745347,
  "gh-anthropics/anthropic-sdk-python-v0.83.0": 1772732876.745347,
  "gh-anthropics/anthropic-sdk-python-v0.82.0": 1772732876.745347,
  "gh-modelcontextprotocol/servers-2026.1.26": 1772732876.745347,
  "gh-modelcontextprotocol/servers-2026.1.14": 1772732876.745347,
  "gh-modelcontextprotocol/servers-2025.12.18": 1772732876.745347,
  "gh-langchain-ai/langchain-langchain-openrouter==0.1.0": 1772732876.745347,
  "gh-langchain-ai/langchain-langchain-huggingface==1.2.1": 1772732876.745347,
  "gh-langchain-ai/langchain-langchain-core==1.2.17": 1772732876.745347,
  "gh-run-llama/llama_index-v0.14.15": 1772732876.745347,
  "gh-run-llama/llama_index-v0.14.14": 1772732876.745347,
  "gh-run-llama/llama_index-v0.14.13": 1772732876.745347,
  "gh-trending-iterate/iterate": 1772732876.745347,
  "gh-trending-openlegion-ai/openlegion": 1772732876.745347,
  "gh-trending-Light-Heart-Labs/DreamServer": 1772732876.745347,
  "gh-trending-Community-Access/accessibility-agents": 1772732876.745347,
  "gh-trending-awslabs/amazon-bedrock-agentcore-samples": 1772732876.745347,
  "gh-trending-cnoe-io/ai-platform-engineering": 1772732876.745347,
  "gh-trending-Lichas/maxclaw": 1772732876.745347,
  "gh-trending-openclaw/openclaw": 1772732876.745347,
  "gh-trending-google-gemini/gemini-cli": 1772732876.745347,
  "gh-trending-openakita/openakita": 1772732876.745347,
  "devto-3308729": 1772732876.745347,
  "devto-3311270": 1772732876.745347,
  "devto-3310389": 1772732876.745347,
  "devto-3310164": 1772732876.745347,
  "devto-3304580": 1772732876.745347,
  "devto-3312332": 1772732876.745347,
  "devto-3309572": 1772732876.745347,
  "devto-3311837": 1772732876.745347,
  "devto-3310278": 1772732876.745347,
  "devto-3309418": 1772732876.745347,
  "devto-3273402": 1772732876.745347,
  "devto-3310294": 1772732876.745347,
  "devto-3309661": 1772732876.745347,
  "devto-3312234": 1772732876.745347,
  "devto-3312230": 1772732876.745347,
  "devto-3311458": 1772732876.745347,
  "devto-3310861": 1772732876.745347,
  "devto-3309605": 1772732876.745347,
  "devto-3311342": 1772732876.745347,
  "devto-3309579": 1772732876.745347
}